activity_id,pred_id,link_type,lag_h
A-1002,A-1001,FS,0.0
A-1003,A-1002,FS,0.0
A-1004,A-1003,FS,0.0
A-1005,A-1004,FS,48.0
A-1006,A-1005,FS,0.0
A-1007,A-1006,FS,0.0
A-1008,A-1007,FS,8.0
A-1009,A-1008,FS,24.0
A-1010,A-1009,FS,0.0
A-1012,A-1011,FS,0.0
A-1013,A-1012,FS,0.0
A-1014,A-1013,FS,0.0
A-1015,A-1014,FS,48.0
A-1016,A-1015,FS,0.0
A-1017,A-1016,FS,0.0
A-1018,A-1017,FS,8.0
A-1018,A-1008,SS,10.0
A-1019,A-1018,FS,24.0
A-1020,A-1019,FS,0.0
A-1022,A-1021,FS,0.0
A-1023,A-1022,FS,0.0
A-1024,A-1023,FS,0.0
A-1025,A-1024,FS,48.0
A-1026,A-1025,FS,0.0
A-1027,A-1026,FS,0.0
A-1028,A-1027,FS,8.0
A-1028,A-1018,SS,10.0
A-1029,A-1028,FS,24.0
A-1030,A-1029,FS,0.0
A-1032,A-1031,FS,0.0
A-1033,A-1032,FS,0.0
A-1034,A-1033,FS,0.0
A-1035,A-1034,FS,48.0
A-1036,A-1035,FS,0.0
A-1037,A-1036,FS,0.0
A-1038,A-1037,FS,8.0
A-1038,A-1028,SS,10.0
A-1039,A-1038,FS,24.0
A-1040,A-1039,FS,0.0
A-1041,A-1003,FS,72.0
A-1042,A-1041,FS,0.0
A-1043,A-1042,FS,0.0
A-1044,A-1043,FS,0.0
A-1045,A-1044,FS,48.0
A-1046,A-1045,FS,0.0
A-1047,A-1046,FS,0.0
A-1048,A-1047,FS,8.0
A-1048,A-1038,SS,10.0
A-1049,A-1048,FS,24.0
A-1050,A-1049,FS,0.0
A-1051,A-1013,FS,72.0
A-1052,A-1051,FS,0.0
A-1053,A-1052,FS,0.0
A-1054,A-1053,FS,0.0
A-1055,A-1054,FS,48.0
A-1056,A-1055,FS,0.0
A-1057,A-1056,FS,0.0
A-1058,A-1057,FS,8.0
A-1058,A-1048,SS,10.0
A-1059,A-1058,FS,24.0
A-1060,A-1059,FS,0.0
A-1061,A-1023,FS,72.0
A-1062,A-1061,FS,0.0
A-1063,A-1062,FS,0.0
A-1064,A-1063,FS,0.0
A-1065,A-1064,FS,48.0
A-1066,A-1065,FS,0.0
A-1067,A-1066,FS,0.0
A-1068,A-1067,FS,8.0
A-1068,A-1058,SS,10.0
A-1069,A-1068,FS,24.0
A-1070,A-1069,FS,0.0
A-1071,A-1033,FS,72.0
A-1072,A-1071,FS,0.0
A-1073,A-1072,FS,0.0
A-1074,A-1073,FS,0.0
A-1075,A-1074,FS,48.0
A-1076,A-1075,FS,0.0
A-1077,A-1076,FS,0.0
A-1078,A-1077,FS,8.0
A-1078,A-1068,SS,10.0
A-1079,A-1078,FS,24.0
A-1080,A-1079,FS,0.0
A-1081,A-1003,FS,72.0
A-1082,A-1081,FS,0.0
A-1083,A-1082,FS,0.0
A-1084,A-1083,FS,0.0
A-1085,A-1084,FS,48.0
A-1086,A-1085,FS,0.0
A-1087,A-1086,FS,0.0
A-1088,A-1087,FS,8.0
A-1088,A-1078,SS,10.0
A-1089,A-1088,FS,24.0
A-1090,A-1089,FS,0.0
A-1091,A-1013,FS,72.0
A-1092,A-1091,FS,0.0
A-1093,A-1092,FS,0.0
A-1094,A-1093,FS,0.0
A-1095,A-1094,FS,48.0
A-1096,A-1095,FS,0.0
A-1097,A-1096,FS,0.0
A-1098,A-1097,FS,8.0
A-1098,A-1088,SS,10.0
A-1099,A-1098,FS,24.0
A-1100,A-1099,FS,0.0
A-1101,A-1023,FS,72.0
A-1102,A-1101,FS,0.0
A-1103,A-1102,FS,0.0
A-1104,A-1103,FS,0.0
A-1105,A-1104,FS,48.0
A-1106,A-1105,FS,0.0
A-1107,A-1106,FS,0.0
A-1108,A-1107,FS,8.0
A-1108,A-1098,SS,10.0
A-1109,A-1108,FS,24.0
A-1110,A-1109,FS,0.0
A-1111,A-1033,FS,72.0
A-1112,A-1111,FS,0.0
A-1113,A-1112,FS,0.0
A-1114,A-1113,FS,0.0
A-1115,A-1114,FS,48.0
A-1116,A-1115,FS,0.0
A-1117,A-1116,FS,0.0
A-1118,A-1117,FS,8.0
A-1118,A-1108,SS,10.0
A-1119,A-1118,FS,24.0
A-1120,A-1119,FS,0.0
A-1121,A-1003,FS,72.0
A-1122,A-1121,FS,0.0
A-1123,A-1122,FS,0.0
A-1124,A-1123,FS,0.0
A-1125,A-1124,FS,48.0
A-1126,A-1125,FS,0.0
A-1127,A-1126,FS,0.0
A-1128,A-1127,FS,8.0
A-1128,A-1118,SS,10.0
A-1129,A-1128,FS,24.0
A-1130,A-1129,FS,0.0
A-1131,A-1013,FS,72.0
A-1132,A-1131,FS,0.0
A-1133,A-1132,FS,0.0
A-1134,A-1133,FS,0.0
A-1135,A-1134,FS,48.0
A-1136,A-1135,FS,0.0
A-1137,A-1136,FS,0.0
A-1138,A-1137,FS,8.0
A-1138,A-1128,SS,10.0
A-1139,A-1138,FS,24.0
A-1140,A-1139,FS,0.0
A-1142,A-1141,FS,0.0
A-1143,A-1142,FS,24.0
A-1144,A-1143,FS,0.0
A-1145,A-1144,FS,0.0
A-1146,A-1145,FS,0.0
A-1147,A-1146,SS,16.0
A-1149,A-1148,FS,0.0
A-1150,A-1149,FS,24.0
A-1151,A-1150,FS,0.0
A-1152,A-1151,FS,0.0
A-1153,A-1152,FS,0.0
A-1154,A-1153,SS,16.0
A-1156,A-1155,FS,0.0
A-1157,A-1156,FS,24.0
A-1158,A-1157,FS,0.0
A-1159,A-1158,FS,0.0
A-1160,A-1159,FS,0.0
A-1161,A-1160,SS,16.0
A-1163,A-1162,FS,0.0
A-1164,A-1163,FS,24.0
A-1165,A-1164,FS,0.0
A-1166,A-1165,FS,0.0
A-1167,A-1166,FS,0.0
A-1168,A-1167,SS,16.0
A-1170,A-1169,FS,0.0
A-1171,A-1170,FS,24.0
A-1172,A-1171,FS,0.0
A-1173,A-1172,FS,0.0
A-1174,A-1173,FS,0.0
A-1175,A-1174,SS,16.0
A-1177,A-1176,FS,0.0
A-1178,A-1177,FS,72.0
A-1179,A-1178,FS,0.0
A-1180,A-1179,FS,0.0
A-1181,A-1180,FS,0.0
A-1182,A-1181,FS,24.0
A-1184,A-1183,FS,0.0
A-1185,A-1184,FS,72.0
A-1186,A-1185,FS,0.0
A-1187,A-1186,FS,0.0
A-1188,A-1187,FS,0.0
A-1189,A-1188,FS,24.0
A-1191,A-1190,FS,0.0
A-1192,A-1191,FS,72.0
A-1193,A-1192,FS,0.0
A-1194,A-1193,FS,0.0
A-1195,A-1194,FS,0.0
A-1196,A-1195,FS,24.0
A-1198,A-1197,FS,0.0
A-1199,A-1198,FS,72.0
A-1200,A-1199,FS,0.0
A-1201,A-1200,FS,0.0
A-1202,A-1201,FS,0.0
A-1203,A-1202,FS,24.0
A-1205,A-1204,FS,0.0
A-1206,A-1205,FS,24.0
A-1207,A-1206,FS,0.0
A-1208,A-1207,FS,0.0
A-1209,A-1208,FS,0.0
A-1210,A-1209,SS,16.0
A-1212,A-1211,FS,0.0
A-1213,A-1212,FS,24.0
A-1214,A-1213,FS,0.0
A-1215,A-1214,FS,0.0
A-1216,A-1215,FS,0.0
A-1217,A-1216,SS,16.0
A-1219,A-1218,FS,0.0
A-1220,A-1219,FS,24.0
A-1221,A-1220,FS,0.0
A-1222,A-1221,FS,0.0
A-1223,A-1222,FS,0.0
A-1224,A-1223,SS,16.0
A-1226,A-1225,FS,0.0
A-1227,A-1226,FS,24.0
A-1228,A-1227,FS,24.0
A-1229,A-1228,FS,0.0
A-1230,A-1229,FS,0.0
A-1231,A-1230,FS,0.0
A-1233,A-1232,FS,0.0
A-1234,A-1233,FS,24.0
A-1235,A-1234,FS,24.0
A-1236,A-1235,FS,0.0
A-1237,A-1236,FS,0.0
A-1238,A-1237,FS,0.0
A-1240,A-1239,FS,0.0
A-1241,A-1240,FS,24.0
A-1242,A-1241,FS,24.0
A-1243,A-1242,FS,0.0
A-1244,A-1243,FS,0.0
A-1245,A-1244,FS,0.0
A-1247,A-1246,FS,0.0
A-1248,A-1247,FS,48.0
A-1249,A-1248,FS,0.0
A-1250,A-1249,FS,0.0
A-1251,A-1250,FS,0.0
A-1252,A-1251,FS,24.0
A-1253,A-1252,FS,0.0
A-1255,A-1254,FS,0.0
A-1256,A-1255,FS,48.0
A-1257,A-1256,FS,0.0
A-1258,A-1257,FS,0.0
A-1259,A-1258,FS,0.0
A-1260,A-1259,FS,24.0
A-1261,A-1260,FS,0.0
A-1263,A-1262,FS,0.0
A-1264,A-1263,FS,48.0
A-1265,A-1264,FS,0.0
A-1266,A-1265,FS,0.0
A-1267,A-1266,FS,0.0
A-1268,A-1267,FS,24.0
A-1269,A-1268,FS,0.0
A-1271,A-1270,FS,0.0
A-1272,A-1271,FS,48.0
A-1273,A-1272,FS,0.0
A-1274,A-1273,FS,0.0
A-1275,A-1274,FS,0.0
A-1276,A-1275,FS,24.0
A-1277,A-1276,FS,0.0
A-1279,A-1278,FS,0.0
A-1280,A-1279,FS,48.0
A-1281,A-1280,FS,0.0
A-1282,A-1281,FS,0.0
A-1283,A-1282,FS,0.0
A-1284,A-1283,FS,24.0
A-1285,A-1284,FS,0.0
A-1287,A-1286,FS,0.0
A-1288,A-1287,FS,48.0
A-1289,A-1288,FS,0.0
A-1290,A-1289,FS,0.0
A-1291,A-1290,FS,0.0
A-1292,A-1291,FS,24.0
A-1293,A-1292,FS,0.0
A-1295,A-1294,FS,0.0
A-1296,A-1295,FS,48.0
A-1297,A-1296,FS,0.0
A-1298,A-1297,FS,0.0
A-1299,A-1298,FS,0.0
A-1300,A-1299,FS,24.0
A-1301,A-1300,FS,0.0
A-1303,A-1302,FS,0.0
A-1304,A-1303,FS,48.0
A-1305,A-1304,FS,0.0
A-1306,A-1305,FS,0.0
A-1307,A-1306,FS,0.0
A-1308,A-1307,FS,24.0
A-1309,A-1308,FS,0.0
A-1311,A-1310,FS,0.0
A-1312,A-1311,FS,72.0
A-1313,A-1312,FS,0.0
A-1314,A-1313,FS,0.0
A-1315,A-1314,FS,0.0
A-1316,A-1315,FS,24.0
A-1318,A-1317,FS,0.0
A-1319,A-1318,FS,72.0
A-1320,A-1319,FS,0.0
A-1321,A-1320,FS,0.0
A-1322,A-1321,FS,0.0
A-1323,A-1322,FS,24.0
A-1324,A-1182,FS,0.0
A-1324,A-1147,FS,0.0
A-1325,A-1324,FS,0.0
A-1326,A-1325,FS,0.0
A-1327,A-1326,FS,24.0
A-1328,A-1327,FS,48.0
